INSERT INTO users (id, name, email, password_hash) OVERRIDING SYSTEM VALUE VALUES (1, 'Mock User', 'user1@example.com', 'hash'), (2, 'User 2', 'user2@example.com', 'hash'), (3, 'User 3', 'user3@example.com', 'hash') ON CONFLICT (email) DO NOTHING;
INSERT INTO tags (id) VALUES ('Hauptgericht') ON CONFLICT DO NOTHING;
INSERT INTO tags (id) VALUES ('Italienisch') ON CONFLICT DO NOTHING;
INSERT INTO tags (id) VALUES ('Vegetarisch') ON CONFLICT DO NOTHING;
INSERT INTO tags (id) VALUES ('Backen') ON CONFLICT DO NOTHING;
INSERT INTO tags (id) VALUES ('Dessert') ON CONFLICT DO NOTHING;
INSERT INTO tags (id) VALUES ('Schnell') ON CONFLICT DO NOTHING;
INSERT INTO tags (id) VALUES ('Portionen') ON CONFLICT DO NOTHING;
INSERT INTO tags (id) VALUES ('Springform') ON CONFLICT DO NOTHING;
INSERT INTO tags (id) VALUES ('Backzeit') ON CONFLICT DO NOTHING;
INSERT INTO tags (id) VALUES ('Kochzeit') ON CONFLICT DO NOTHING;
INSERT INTO tags (id) VALUES ('Formgröße') ON CONFLICT DO NOTHING;
INSERT INTO tags (id) VALUES ('Salat') ON CONFLICT DO NOTHING;
INSERT INTO tags (id) VALUES ('Suppe') ON CONFLICT DO NOTHING;
INSERT INTO tags (id) VALUES ('Vegan') ON CONFLICT DO NOTHING;
INSERT INTO tags (id) VALUES ('Indisch') ON CONFLICT DO NOTHING;
INSERT INTO tags (id) VALUES ('Mexikanisch') ON CONFLICT DO NOTHING;
INSERT INTO tags (id) VALUES ('Vorspeise') ON CONFLICT DO NOTHING;
INSERT INTO tags (id) VALUES ('Frühstück') ON CONFLICT DO NOTHING;
INSERT INTO tags (id) VALUES ('Asiatisch') ON CONFLICT DO NOTHING;
INSERT INTO tags (id) VALUES ('Stück') ON CONFLICT DO NOTHING;
INSERT INTO ingredients (id, name) OVERRIDING SYSTEM VALUE VALUES (1, 'Spaghetti') ON CONFLICT DO NOTHING;
INSERT INTO ingredients (id, name) OVERRIDING SYSTEM VALUE VALUES (2, 'Hackfleisch (Rind)') ON CONFLICT DO NOTHING;
INSERT INTO ingredients (id, name) OVERRIDING SYSTEM VALUE VALUES (3, 'Tomaten (gehackt)') ON CONFLICT DO NOTHING;
INSERT INTO ingredients (id, name) OVERRIDING SYSTEM VALUE VALUES (4, 'Zwiebel') ON CONFLICT DO NOTHING;
INSERT INTO ingredients (id, name) OVERRIDING SYSTEM VALUE VALUES (5, 'Knoblauchzehe') ON CONFLICT DO NOTHING;
INSERT INTO ingredients (id, name) OVERRIDING SYSTEM VALUE VALUES (6, 'Olivenöl') ON CONFLICT DO NOTHING;
INSERT INTO ingredients (id, name) OVERRIDING SYSTEM VALUE VALUES (7, 'Tomatenmark') ON CONFLICT DO NOTHING;
INSERT INTO ingredients (id, name) OVERRIDING SYSTEM VALUE VALUES (8, 'Parmesan') ON CONFLICT DO NOTHING;
INSERT INTO ingredients (id, name) OVERRIDING SYSTEM VALUE VALUES (9, 'Basilikum') ON CONFLICT DO NOTHING;
INSERT INTO ingredients (id, name) OVERRIDING SYSTEM VALUE VALUES (10, 'Mehl (Type 405)') ON CONFLICT DO NOTHING;
INSERT INTO ingredients (id, name) OVERRIDING SYSTEM VALUE VALUES (11, 'Zucker') ON CONFLICT DO NOTHING;
INSERT INTO ingredients (id, name) OVERRIDING SYSTEM VALUE VALUES (12, 'Butter') ON CONFLICT DO NOTHING;
INSERT INTO ingredients (id, name) OVERRIDING SYSTEM VALUE VALUES (13, 'Eier') ON CONFLICT DO NOTHING;
INSERT INTO ingredients (id, name) OVERRIDING SYSTEM VALUE VALUES (14, 'Milch') ON CONFLICT DO NOTHING;
INSERT INTO ingredients (id, name) OVERRIDING SYSTEM VALUE VALUES (15, 'Backpulver') ON CONFLICT DO NOTHING;
INSERT INTO ingredients (id, name) OVERRIDING SYSTEM VALUE VALUES (16, 'Zartbitterschokolade') ON CONFLICT DO NOTHING;
INSERT INTO ingredients (id, name) OVERRIDING SYSTEM VALUE VALUES (17, 'Salz') ON CONFLICT DO NOTHING;
INSERT INTO ingredients (id, name) OVERRIDING SYSTEM VALUE VALUES (18, 'Kartoffeln') ON CONFLICT DO NOTHING;
INSERT INTO ingredients (id, name) OVERRIDING SYSTEM VALUE VALUES (19, 'Paprika') ON CONFLICT DO NOTHING;
INSERT INTO ingredients (id, name) OVERRIDING SYSTEM VALUE VALUES (20, 'Tomaten') ON CONFLICT DO NOTHING;
INSERT INTO ingredients (id, name) OVERRIDING SYSTEM VALUE VALUES (21, 'Salatgurke') ON CONFLICT DO NOTHING;
INSERT INTO ingredients (id, name) OVERRIDING SYSTEM VALUE VALUES (22, 'Rote Zwiebel') ON CONFLICT DO NOTHING;
INSERT INTO ingredients (id, name) OVERRIDING SYSTEM VALUE VALUES (23, 'Feta') ON CONFLICT DO NOTHING;
INSERT INTO ingredients (id, name) OVERRIDING SYSTEM VALUE VALUES (24, 'Oliven (schwarz)') ON CONFLICT DO NOTHING;
INSERT INTO ingredients (id, name) OVERRIDING SYSTEM VALUE VALUES (25, 'Oregano') ON CONFLICT DO NOTHING;
INSERT INTO ingredients (id, name) OVERRIDING SYSTEM VALUE VALUES (26, 'Hokkaido-Kürbis') ON CONFLICT DO NOTHING;
INSERT INTO ingredients (id, name) OVERRIDING SYSTEM VALUE VALUES (27, 'Karotte') ON CONFLICT DO NOTHING;
INSERT INTO ingredients (id, name) OVERRIDING SYSTEM VALUE VALUES (28, 'Gemüsebrühe') ON CONFLICT DO NOTHING;
INSERT INTO ingredients (id, name) OVERRIDING SYSTEM VALUE VALUES (29, 'Kokosmilch') ON CONFLICT DO NOTHING;
INSERT INTO ingredients (id, name) OVERRIDING SYSTEM VALUE VALUES (30, 'Ingwer') ON CONFLICT DO NOTHING;
INSERT INTO ingredients (id, name) OVERRIDING SYSTEM VALUE VALUES (31, 'Hähnchenbrustfilet') ON CONFLICT DO NOTHING;
INSERT INTO ingredients (id, name) OVERRIDING SYSTEM VALUE VALUES (32, 'Currypulver') ON CONFLICT DO NOTHING;
INSERT INTO ingredients (id, name) OVERRIDING SYSTEM VALUE VALUES (33, 'Basmatireis') ON CONFLICT DO NOTHING;
INSERT INTO ingredients (id, name) OVERRIDING SYSTEM VALUE VALUES (34, 'Avocado') ON CONFLICT DO NOTHING;
INSERT INTO ingredients (id, name) OVERRIDING SYSTEM VALUE VALUES (35, 'Limette') ON CONFLICT DO NOTHING;
INSERT INTO ingredients (id, name) OVERRIDING SYSTEM VALUE VALUES (36, 'Koriander') ON CONFLICT DO NOTHING;
INSERT INTO ingredients (id, name) OVERRIDING SYSTEM VALUE VALUES (37, 'Ahornsirup') ON CONFLICT DO NOTHING;
INSERT INTO ingredients (id, name) OVERRIDING SYSTEM VALUE VALUES (38, 'Römersalat') ON CONFLICT DO NOTHING;
INSERT INTO ingredients (id, name) OVERRIDING SYSTEM VALUE VALUES (39, 'Croutons') ON CONFLICT DO NOTHING;
INSERT INTO ingredients (id, name) OVERRIDING SYSTEM VALUE VALUES (40, 'Mayonnaise') ON CONFLICT DO NOTHING;
INSERT INTO ingredients (id, name) OVERRIDING SYSTEM VALUE VALUES (41, 'Zitrone') ON CONFLICT DO NOTHING;
INSERT INTO ingredients (id, name) OVERRIDING SYSTEM VALUE VALUES (42, 'Senf') ON CONFLICT DO NOTHING;
INSERT INTO ingredients (id, name) OVERRIDING SYSTEM VALUE VALUES (43, 'Rindfleisch (Gulasch)') ON CONFLICT DO NOTHING;
INSERT INTO ingredients (id, name) OVERRIDING SYSTEM VALUE VALUES (44, 'Paprikapulver (edelsüß)') ON CONFLICT DO NOTHING;
INSERT INTO ingredients (id, name) OVERRIDING SYSTEM VALUE VALUES (45, 'Rinderbrühe') ON CONFLICT DO NOTHING;
INSERT INTO ingredients (id, name) OVERRIDING SYSTEM VALUE VALUES (46, 'Sahne') ON CONFLICT DO NOTHING;
INSERT INTO ingredients (id, name) OVERRIDING SYSTEM VALUE VALUES (47, 'Apfel') ON CONFLICT DO NOTHING;
INSERT INTO ingredients (id, name) OVERRIDING SYSTEM VALUE VALUES (48, 'Zimt') ON CONFLICT DO NOTHING;
INSERT INTO ingredients (id, name) OVERRIDING SYSTEM VALUE VALUES (49, 'Brokkoli') ON CONFLICT DO NOTHING;
INSERT INTO ingredients (id, name) OVERRIDING SYSTEM VALUE VALUES (50, 'Sojasauce') ON CONFLICT DO NOTHING;
INSERT INTO ingredients (id, name) OVERRIDING SYSTEM VALUE VALUES (51, 'Sesamöl') ON CONFLICT DO NOTHING;
INSERT INTO ingredients (id, name) OVERRIDING SYSTEM VALUE VALUES (52, 'Frühlingszwiebel') ON CONFLICT DO NOTHING;
SELECT setval(pg_get_serial_sequence('ingredients', 'id'), (SELECT MAX(id) FROM ingredients) + 1);
INSERT INTO images (id, hash, name) OVERRIDING SYSTEM VALUE VALUES (1, 'hash_1', 'mock.jpg') ON CONFLICT DO NOTHING;
INSERT INTO images (id, hash, name) OVERRIDING SYSTEM VALUE VALUES (2, 'hash_2', 'mock.jpg') ON CONFLICT DO NOTHING;
INSERT INTO images (id, hash, name) OVERRIDING SYSTEM VALUE VALUES (3, 'hash_3', 'mock.jpg') ON CONFLICT DO NOTHING;
INSERT INTO images (id, hash, name) OVERRIDING SYSTEM VALUE VALUES (4, 'hash_4', 'mock.jpg') ON CONFLICT DO NOTHING;
INSERT INTO images (id, hash, name) OVERRIDING SYSTEM VALUE VALUES (5, 'hash_5', 'mock.jpg') ON CONFLICT DO NOTHING;
INSERT INTO images (id, hash, name) OVERRIDING SYSTEM VALUE VALUES (6, 'hash_6', 'mock.jpg') ON CONFLICT DO NOTHING;
INSERT INTO images (id, hash, name) OVERRIDING SYSTEM VALUE VALUES (7, 'hash_7', 'mock.jpg') ON CONFLICT DO NOTHING;
INSERT INTO images (id, hash, name) OVERRIDING SYSTEM VALUE VALUES (8, 'hash_8', 'mock.jpg') ON CONFLICT DO NOTHING;
INSERT INTO images (id, hash, name) OVERRIDING SYSTEM VALUE VALUES (9, 'hash_9', 'mock.jpg') ON CONFLICT DO NOTHING;
INSERT INTO images (id, hash, name) OVERRIDING SYSTEM VALUE VALUES (10, 'hash_10', 'mock.jpg') ON CONFLICT DO NOTHING;
SELECT setval(pg_get_serial_sequence('images', 'id'), (SELECT MAX(id) FROM images) + 1);
INSERT INTO recipes (id, owner_id, name, source, time_display, work_minutes, overall_minutes, size_number, size_text, notes, main_image_id) OVERRIDING SYSTEM VALUE VALUES (1, 1, 'Spaghetti {Vegan} Bolognese', 'Omas Rezept', '20 min + {Vegan} {Kochzeit} 25 min', 20, 45, 4, '{Vegan} {Portionen}', ARRAY['Schmeckt am nächsten {Vegan} Tag aufgewärmt noch besser. {WIP}']::TEXT[], 1) ON CONFLICT DO NOTHING;
INSERT INTO recipe_editors (recipe_id, user_id) VALUES (1, 2) ON CONFLICT DO NOTHING;
INSERT INTO recipe_tags (recipe_id, tag_id, position) VALUES (1, 'Hauptgericht', 0) ON CONFLICT DO NOTHING;
INSERT INTO recipe_tags (recipe_id, tag_id, position) VALUES (1, 'Italienisch', 1) ON CONFLICT DO NOTHING;
INSERT INTO recipe_tags (recipe_id, tag_id, position) VALUES (1, 'Vegan', 2) ON CONFLICT DO NOTHING;
INSERT INTO recipe_images (recipe_id, image_id, position) VALUES (1, 3, 0) ON CONFLICT DO NOTHING;
INSERT INTO recipe_images (recipe_id, image_id, position) VALUES (1, 4, 1) ON CONFLICT DO NOTHING;
INSERT INTO recipe_images (recipe_id, image_id, position) VALUES (1, 5, 2) ON CONFLICT DO NOTHING;
INSERT INTO recipe_images (recipe_id, image_id, position) VALUES (1, 6, 3) ON CONFLICT DO NOTHING;
INSERT INTO recipe_images (recipe_id, image_id, position) VALUES (1, 7, 4) ON CONFLICT DO NOTHING;
INSERT INTO recipe_images (recipe_id, image_id, position) VALUES (1, 8, 5) ON CONFLICT DO NOTHING;
INSERT INTO recipe_images (recipe_id, image_id, position) VALUES (1, 9, 6) ON CONFLICT DO NOTHING;
INSERT INTO recipe_images (recipe_id, image_id, position) VALUES (1, 10, 7) ON CONFLICT DO NOTHING;
INSERT INTO sections (id, recipe_id, name, position) OVERRIDING SYSTEM VALUE VALUES (1, 1, '{Vegan} Bolognese', 0) ON CONFLICT DO NOTHING;
INSERT INTO steps (section_id, text, position) VALUES (1, 'Zwiebel und Knoblauch fein hacken.', 0) ON CONFLICT DO NOTHING;
INSERT INTO steps (section_id, text, position) VALUES (1, 'Hackfleisch in Olivenöl krümelig anbraten.', 1) ON CONFLICT DO NOTHING;
INSERT INTO steps (section_id, text, position) VALUES (1, 'Tomatenmark zugeben und kurz mitrösten.', 2) ON CONFLICT DO NOTHING;
INSERT INTO steps (section_id, text, position) VALUES (1, 'Mit den Tomaten ablöschen und 30 Minuten köcheln lassen.', 3) ON CONFLICT DO NOTHING;
INSERT INTO steps (section_id, text, position) VALUES (1, 'Mit {Vegan} Salz abschmecken.', 4) ON CONFLICT DO NOTHING;
INSERT INTO recipe_ingredients (section_id, ingredient_id, text, amount, amount_prefix, unit, position) VALUES (1, 2, NULL, '500', NULL, 'g', 0);
INSERT INTO recipe_ingredients (section_id, ingredient_id, text, amount, amount_prefix, unit, position) VALUES (1, 4, NULL, '1', NULL, NULL, 1);
INSERT INTO recipe_ingredients (section_id, ingredient_id, text, amount, amount_prefix, unit, position) VALUES (1, 5, NULL, '2', NULL, NULL, 2);
INSERT INTO recipe_ingredients (section_id, ingredient_id, text, amount, amount_prefix, unit, position) VALUES (1, 3, NULL, '800', 'ca.', 'g', 3);
INSERT INTO recipe_ingredients (section_id, ingredient_id, text, amount, amount_prefix, unit, position) VALUES (1, 7, NULL, '2', NULL, 'EL', 4);
INSERT INTO recipe_ingredients (section_id, ingredient_id, text, amount, amount_prefix, unit, position) VALUES (1, 6, NULL, '2', NULL, 'EL', 5);
INSERT INTO recipe_ingredients (section_id, ingredient_id, text, amount, amount_prefix, unit, position) VALUES (1, 17, 'nach {Vegan} Geschmack', NULL, NULL, NULL, 6);
INSERT INTO sections (id, recipe_id, name, position) OVERRIDING SYSTEM VALUE VALUES (2, 1, 'Pasta', 1) ON CONFLICT DO NOTHING;
INSERT INTO steps (section_id, text, position) VALUES (2, 'Spaghetti nach Packungsangabe in Salzwasser kochen.', 0) ON CONFLICT DO NOTHING;
INSERT INTO steps (section_id, text, position) VALUES (2, 'Mit der Soße und frisch geriebenem Parmesan servieren.', 1) ON CONFLICT DO NOTHING;
INSERT INTO recipe_ingredients (section_id, ingredient_id, text, amount, amount_prefix, unit, position) VALUES (2, 1, NULL, '500', NULL, 'g', 0);
INSERT INTO recipe_ingredients (section_id, ingredient_id, text, amount, amount_prefix, unit, position) VALUES (2, 8, 'zum Servieren', NULL, NULL, NULL, 1);
INSERT INTO recipes (id, owner_id, name, source, time_display, work_minutes, overall_minutes, size_number, size_text, notes, main_image_id) OVERRIDING SYSTEM VALUE VALUES (2, 1, 'Saftiger Schokokuchen', 'https://example.com/schokokuchen', '25 min inkl. {Backzeit} 45 min', 25, 70, NULL, '26 cm {Springform}', ARRAY[]::TEXT[], 2) ON CONFLICT DO NOTHING;
INSERT INTO recipe_viewers (recipe_id, user_id) VALUES (2, 2) ON CONFLICT DO NOTHING;
INSERT INTO recipe_viewers (recipe_id, user_id) VALUES (2, 3) ON CONFLICT DO NOTHING;
INSERT INTO recipe_tags (recipe_id, tag_id, position) VALUES (2, 'Backen', 0) ON CONFLICT DO NOTHING;
INSERT INTO recipe_tags (recipe_id, tag_id, position) VALUES (2, 'Dessert', 1) ON CONFLICT DO NOTHING;
INSERT INTO recipe_images (recipe_id, image_id, position) VALUES (2, 3, 0) ON CONFLICT DO NOTHING;
INSERT INTO recipe_images (recipe_id, image_id, position) VALUES (2, 4, 1) ON CONFLICT DO NOTHING;
INSERT INTO recipe_images (recipe_id, image_id, position) VALUES (2, 5, 2) ON CONFLICT DO NOTHING;
INSERT INTO recipe_images (recipe_id, image_id, position) VALUES (2, 6, 3) ON CONFLICT DO NOTHING;
INSERT INTO sections (id, recipe_id, name, position) OVERRIDING SYSTEM VALUE VALUES (3, 2, NULL, 0) ON CONFLICT DO NOTHING;
INSERT INTO steps (section_id, text, position) VALUES (3, 'Backofen auf 180 °C Ober-/Unterhitze vorheizen.', 0) ON CONFLICT DO NOTHING;
INSERT INTO steps (section_id, text, position) VALUES (3, 'Butter und Zucker schaumig rühren.', 1) ON CONFLICT DO NOTHING;
INSERT INTO steps (section_id, text, position) VALUES (3, 'Eier einzeln unterrühren.', 2) ON CONFLICT DO NOTHING;
INSERT INTO steps (section_id, text, position) VALUES (3, 'Schokolade schmelzen und unterrühren.', 3) ON CONFLICT DO NOTHING;
INSERT INTO steps (section_id, text, position) VALUES (3, 'Mehl, Backpulver und Milch unterheben.', 4) ON CONFLICT DO NOTHING;
INSERT INTO steps (section_id, text, position) VALUES (3, 'In die gefettete Springform geben und ca. 45 Minuten backen.', 5) ON CONFLICT DO NOTHING;
INSERT INTO recipe_ingredients (section_id, ingredient_id, text, amount, amount_prefix, unit, position) VALUES (3, 12, NULL, '200', NULL, 'g', 0);
INSERT INTO recipe_ingredients (section_id, ingredient_id, text, amount, amount_prefix, unit, position) VALUES (3, 11, NULL, '200', NULL, 'g', 1);
INSERT INTO recipe_ingredients (section_id, ingredient_id, text, amount, amount_prefix, unit, position) VALUES (3, 13, NULL, '4', NULL, NULL, 2);
INSERT INTO recipe_ingredients (section_id, ingredient_id, text, amount, amount_prefix, unit, position) VALUES (3, 10, NULL, '250', NULL, 'g', 3);
INSERT INTO recipe_ingredients (section_id, ingredient_id, text, amount, amount_prefix, unit, position) VALUES (3, 15, NULL, '1', NULL, 'TL', 4);
INSERT INTO recipe_ingredients (section_id, ingredient_id, text, amount, amount_prefix, unit, position) VALUES (3, 16, NULL, '200', NULL, 'g', 5);
INSERT INTO recipe_ingredients (section_id, ingredient_id, text, amount, amount_prefix, unit, position) VALUES (3, 14, NULL, '100', NULL, 'ml', 6);
INSERT INTO recipes (id, owner_id, name, source, time_display, work_minutes, overall_minutes, size_number, size_text, notes, main_image_id) OVERRIDING SYSTEM VALUE VALUES (3, 2, 'Pfannkuchen', NULL, '25 min', 10, 25, 4, '{Portionen}', ARRAY['Geht auch herzhaft mit Käse und Schinken.']::TEXT[], NULL) ON CONFLICT DO NOTHING;
INSERT INTO recipe_viewers (recipe_id, user_id) VALUES (3, 1) ON CONFLICT DO NOTHING;
INSERT INTO recipe_tags (recipe_id, tag_id, position) VALUES (3, 'Vegetarisch', 0) ON CONFLICT DO NOTHING;
INSERT INTO recipe_tags (recipe_id, tag_id, position) VALUES (3, 'Schnell', 1) ON CONFLICT DO NOTHING;
INSERT INTO sections (id, recipe_id, name, position) OVERRIDING SYSTEM VALUE VALUES (4, 3, NULL, 0) ON CONFLICT DO NOTHING;
INSERT INTO steps (section_id, text, position) VALUES (4, 'Mehl, Milch, Eier und Salz zu einem glatten Teig verrühren.', 0) ON CONFLICT DO NOTHING;
INSERT INTO steps (section_id, text, position) VALUES (4, 'Den Teig 10 Minuten quellen lassen.', 1) ON CONFLICT DO NOTHING;
INSERT INTO steps (section_id, text, position) VALUES (4, 'In etwas Butter portionsweise goldbraun ausbacken.', 2) ON CONFLICT DO NOTHING;
INSERT INTO recipe_ingredients (section_id, ingredient_id, text, amount, amount_prefix, unit, position) VALUES (4, 10, NULL, '250', NULL, 'g', 0);
INSERT INTO recipe_ingredients (section_id, ingredient_id, text, amount, amount_prefix, unit, position) VALUES (4, 14, NULL, '500', NULL, 'ml', 1);
INSERT INTO recipe_ingredients (section_id, ingredient_id, text, amount, amount_prefix, unit, position) VALUES (4, 13, NULL, '3', NULL, NULL, 2);
INSERT INTO recipe_ingredients (section_id, ingredient_id, text, amount, amount_prefix, unit, position) VALUES (4, 17, NULL, '1', NULL, 'Prise', 3);
INSERT INTO recipe_ingredients (section_id, ingredient_id, text, amount, amount_prefix, unit, position) VALUES (4, 12, 'zum Braten', NULL, NULL, NULL, 4);
INSERT INTO recipes (id, owner_id, name, source, time_display, work_minutes, overall_minutes, size_number, size_text, notes, main_image_id) OVERRIDING SYSTEM VALUE VALUES (4, 1, 'Ofengemüse', NULL, NULL, 15, 40, 2, '{Portionen}', ARRAY['100 % pflanzlich {Vegan}']::TEXT[], NULL) ON CONFLICT DO NOTHING;
INSERT INTO recipe_tags (recipe_id, tag_id, position) VALUES (4, 'Vegetarisch', 0) ON CONFLICT DO NOTHING;
INSERT INTO recipe_tags (recipe_id, tag_id, position) VALUES (4, 'Vegan', 1) ON CONFLICT DO NOTHING;
INSERT INTO sections (id, recipe_id, name, position) OVERRIDING SYSTEM VALUE VALUES (5, 4, NULL, 0) ON CONFLICT DO NOTHING;
INSERT INTO steps (section_id, text, position) VALUES (5, 'Gemüse in mundgerechte Stücke schneiden.', 0) ON CONFLICT DO NOTHING;
INSERT INTO steps (section_id, text, position) VALUES (5, 'Mit Öl und Salz mischen, auf ein Blech geben.', 1) ON CONFLICT DO NOTHING;
INSERT INTO steps (section_id, text, position) VALUES (5, 'Bei 200 °C ca. 30 Minuten rösten.', 2) ON CONFLICT DO NOTHING;
INSERT INTO recipe_ingredients (section_id, ingredient_id, text, amount, amount_prefix, unit, position) VALUES (5, 18, NULL, '600', NULL, 'g', 0);
INSERT INTO recipe_ingredients (section_id, ingredient_id, text, amount, amount_prefix, unit, position) VALUES (5, 19, NULL, '2', NULL, NULL, 1);
INSERT INTO recipe_ingredients (section_id, ingredient_id, text, amount, amount_prefix, unit, position) VALUES (5, 6, 'zum Beträufeln', NULL, NULL, NULL, 2);
INSERT INTO recipe_ingredients (section_id, ingredient_id, text, amount, amount_prefix, unit, position) VALUES (5, 17, 'nach Geschmack', NULL, NULL, NULL, 3);
INSERT INTO recipes (id, owner_id, name, source, time_display, work_minutes, overall_minutes, size_number, size_text, notes, main_image_id) OVERRIDING SYSTEM VALUE VALUES (5, 1, 'Griechischer Bauernsalat', NULL, '20 min', 20, 20, 4, '{Portionen}', ARRAY['Am besten 10 Minuten ziehen lassen, bevor du ihn servierst.']::TEXT[], NULL) ON CONFLICT DO NOTHING;
INSERT INTO recipe_tags (recipe_id, tag_id, position) VALUES (5, 'Salat', 0) ON CONFLICT DO NOTHING;
INSERT INTO recipe_tags (recipe_id, tag_id, position) VALUES (5, 'Vegetarisch', 1) ON CONFLICT DO NOTHING;
INSERT INTO recipe_tags (recipe_id, tag_id, position) VALUES (5, 'Schnell', 2) ON CONFLICT DO NOTHING;
INSERT INTO sections (id, recipe_id, name, position) OVERRIDING SYSTEM VALUE VALUES (6, 5, NULL, 0) ON CONFLICT DO NOTHING;
INSERT INTO steps (section_id, text, position) VALUES (6, 'Tomaten, Gurke und Paprika in mundgerechte Stücke schneiden.', 0) ON CONFLICT DO NOTHING;
INSERT INTO steps (section_id, text, position) VALUES (6, 'Zwiebel in feine Ringe schneiden.', 1) ON CONFLICT DO NOTHING;
INSERT INTO steps (section_id, text, position) VALUES (6, 'Alles mit den Oliven in eine Schüssel geben.', 2) ON CONFLICT DO NOTHING;
INSERT INTO steps (section_id, text, position) VALUES (6, 'Mit Olivenöl, Oregano und Salz mischen.', 3) ON CONFLICT DO NOTHING;
INSERT INTO steps (section_id, text, position) VALUES (6, 'Feta in Würfeln darüber verteilen.', 4) ON CONFLICT DO NOTHING;
INSERT INTO recipe_ingredients (section_id, ingredient_id, text, amount, amount_prefix, unit, position) VALUES (6, 20, NULL, '4', NULL, NULL, 0);
INSERT INTO recipe_ingredients (section_id, ingredient_id, text, amount, amount_prefix, unit, position) VALUES (6, 21, NULL, '1', NULL, NULL, 1);
INSERT INTO recipe_ingredients (section_id, ingredient_id, text, amount, amount_prefix, unit, position) VALUES (6, 19, NULL, '1', NULL, NULL, 2);
INSERT INTO recipe_ingredients (section_id, ingredient_id, text, amount, amount_prefix, unit, position) VALUES (6, 22, NULL, '1', NULL, NULL, 3);
INSERT INTO recipe_ingredients (section_id, ingredient_id, text, amount, amount_prefix, unit, position) VALUES (6, 23, NULL, '200', NULL, 'g', 4);
INSERT INTO recipe_ingredients (section_id, ingredient_id, text, amount, amount_prefix, unit, position) VALUES (6, 24, NULL, '100', NULL, 'g', 5);
INSERT INTO recipe_ingredients (section_id, ingredient_id, text, amount, amount_prefix, unit, position) VALUES (6, 6, NULL, '4', NULL, 'EL', 6);
INSERT INTO recipe_ingredients (section_id, ingredient_id, text, amount, amount_prefix, unit, position) VALUES (6, 25, 'getrocknet', '1', NULL, 'TL', 7);
INSERT INTO recipe_ingredients (section_id, ingredient_id, text, amount, amount_prefix, unit, position) VALUES (6, 17, 'nach Geschmack', NULL, NULL, NULL, 8);
INSERT INTO recipes (id, owner_id, name, source, time_display, work_minutes, overall_minutes, size_number, size_text, notes, main_image_id) OVERRIDING SYSTEM VALUE VALUES (6, 1, 'Kürbissuppe', NULL, '15 min + {Kochzeit} 25 min', 15, 40, 4, '{Portionen}', ARRAY['Mit einem Klecks Kokosmilch und gerösteten Kürbiskernen anrichten.']::TEXT[], NULL) ON CONFLICT DO NOTHING;
INSERT INTO recipe_viewers (recipe_id, user_id) VALUES (6, 2) ON CONFLICT DO NOTHING;
INSERT INTO recipe_tags (recipe_id, tag_id, position) VALUES (6, 'Suppe', 0) ON CONFLICT DO NOTHING;
INSERT INTO recipe_tags (recipe_id, tag_id, position) VALUES (6, 'Vegetarisch', 1) ON CONFLICT DO NOTHING;
INSERT INTO recipe_tags (recipe_id, tag_id, position) VALUES (6, 'Vegan', 2) ON CONFLICT DO NOTHING;
INSERT INTO sections (id, recipe_id, name, position) OVERRIDING SYSTEM VALUE VALUES (7, 6, NULL, 0) ON CONFLICT DO NOTHING;
INSERT INTO steps (section_id, text, position) VALUES (7, 'Kürbis halbieren, entkernen und in Würfel schneiden (Hokkaido mit Schale).', 0) ON CONFLICT DO NOTHING;
INSERT INTO steps (section_id, text, position) VALUES (7, 'Karotte, Zwiebel, Knoblauch und Ingwer klein schneiden.', 1) ON CONFLICT DO NOTHING;
INSERT INTO steps (section_id, text, position) VALUES (7, 'Alles in Olivenöl andünsten.', 2) ON CONFLICT DO NOTHING;
INSERT INTO steps (section_id, text, position) VALUES (7, 'Mit Gemüsebrühe ablöschen und 25 Minuten köcheln lassen.', 3) ON CONFLICT DO NOTHING;
INSERT INTO steps (section_id, text, position) VALUES (7, 'Kokosmilch zugeben und fein pürieren.', 4) ON CONFLICT DO NOTHING;
INSERT INTO steps (section_id, text, position) VALUES (7, 'Mit Salz abschmecken.', 5) ON CONFLICT DO NOTHING;
INSERT INTO recipe_ingredients (section_id, ingredient_id, text, amount, amount_prefix, unit, position) VALUES (7, 26, NULL, '1', 'ca.', NULL, 0);
INSERT INTO recipe_ingredients (section_id, ingredient_id, text, amount, amount_prefix, unit, position) VALUES (7, 27, NULL, '2', NULL, NULL, 1);
INSERT INTO recipe_ingredients (section_id, ingredient_id, text, amount, amount_prefix, unit, position) VALUES (7, 4, NULL, '1', NULL, NULL, 2);
INSERT INTO recipe_ingredients (section_id, ingredient_id, text, amount, amount_prefix, unit, position) VALUES (7, 5, NULL, '2', NULL, NULL, 3);
INSERT INTO recipe_ingredients (section_id, ingredient_id, text, amount, amount_prefix, unit, position) VALUES (7, 30, 'geschält', '20', NULL, 'g', 4);
INSERT INTO recipe_ingredients (section_id, ingredient_id, text, amount, amount_prefix, unit, position) VALUES (7, 28, NULL, '800', NULL, 'ml', 5);
INSERT INTO recipe_ingredients (section_id, ingredient_id, text, amount, amount_prefix, unit, position) VALUES (7, 29, NULL, '200', NULL, 'ml', 6);
INSERT INTO recipe_ingredients (section_id, ingredient_id, text, amount, amount_prefix, unit, position) VALUES (7, 6, NULL, '2', NULL, 'EL', 7);
INSERT INTO recipe_ingredients (section_id, ingredient_id, text, amount, amount_prefix, unit, position) VALUES (7, 17, 'nach Geschmack', NULL, NULL, NULL, 8);
INSERT INTO recipes (id, owner_id, name, source, time_display, work_minutes, overall_minutes, size_number, size_text, notes, main_image_id) OVERRIDING SYSTEM VALUE VALUES (7, 2, 'Hähnchen-Curry mit Reis', NULL, '20 min + {Kochzeit} 20 min', 20, 40, 4, '{Portionen}', ARRAY[]::TEXT[], NULL) ON CONFLICT DO NOTHING;
INSERT INTO recipe_viewers (recipe_id, user_id) VALUES (7, 1) ON CONFLICT DO NOTHING;
INSERT INTO recipe_tags (recipe_id, tag_id, position) VALUES (7, 'Hauptgericht', 0) ON CONFLICT DO NOTHING;
INSERT INTO recipe_tags (recipe_id, tag_id, position) VALUES (7, 'Indisch', 1) ON CONFLICT DO NOTHING;
INSERT INTO sections (id, recipe_id, name, position) OVERRIDING SYSTEM VALUE VALUES (8, 7, 'Curry', 0) ON CONFLICT DO NOTHING;
INSERT INTO steps (section_id, text, position) VALUES (8, 'Hähnchen in mundgerechte Stücke schneiden.', 0) ON CONFLICT DO NOTHING;
INSERT INTO steps (section_id, text, position) VALUES (8, 'Zwiebel, Knoblauch und Ingwer fein hacken.', 1) ON CONFLICT DO NOTHING;
INSERT INTO steps (section_id, text, position) VALUES (8, 'Hähnchen in Olivenöl rundum anbraten, dann herausnehmen.', 2) ON CONFLICT DO NOTHING;
INSERT INTO steps (section_id, text, position) VALUES (8, 'Zwiebel, Knoblauch und Ingwer andünsten, Currypulver kurz mitrösten.', 3) ON CONFLICT DO NOTHING;
INSERT INTO steps (section_id, text, position) VALUES (8, 'Mit Tomaten und Kokosmilch ablöschen, Hähnchen zurückgeben.', 4) ON CONFLICT DO NOTHING;
INSERT INTO steps (section_id, text, position) VALUES (8, '20 Minuten köcheln lassen und mit Salz abschmecken.', 5) ON CONFLICT DO NOTHING;
INSERT INTO recipe_ingredients (section_id, ingredient_id, text, amount, amount_prefix, unit, position) VALUES (8, 31, NULL, '600', NULL, 'g', 0);
INSERT INTO recipe_ingredients (section_id, ingredient_id, text, amount, amount_prefix, unit, position) VALUES (8, 4, NULL, '2', NULL, NULL, 1);
INSERT INTO recipe_ingredients (section_id, ingredient_id, text, amount, amount_prefix, unit, position) VALUES (8, 5, NULL, '2', NULL, NULL, 2);
INSERT INTO recipe_ingredients (section_id, ingredient_id, text, amount, amount_prefix, unit, position) VALUES (8, 30, 'geschält', '20', NULL, 'g', 3);
INSERT INTO recipe_ingredients (section_id, ingredient_id, text, amount, amount_prefix, unit, position) VALUES (8, 32, NULL, '2', NULL, 'EL', 4);
INSERT INTO recipe_ingredients (section_id, ingredient_id, text, amount, amount_prefix, unit, position) VALUES (8, 3, NULL, '400', NULL, 'g', 5);
INSERT INTO recipe_ingredients (section_id, ingredient_id, text, amount, amount_prefix, unit, position) VALUES (8, 29, NULL, '400', NULL, 'ml', 6);
INSERT INTO recipe_ingredients (section_id, ingredient_id, text, amount, amount_prefix, unit, position) VALUES (8, 6, NULL, '2', NULL, 'EL', 7);
INSERT INTO recipe_ingredients (section_id, ingredient_id, text, amount, amount_prefix, unit, position) VALUES (8, 17, 'nach Geschmack', NULL, NULL, NULL, 8);
INSERT INTO sections (id, recipe_id, name, position) OVERRIDING SYSTEM VALUE VALUES (9, 7, 'Reis', 1) ON CONFLICT DO NOTHING;
INSERT INTO steps (section_id, text, position) VALUES (9, 'Reis gründlich kalt waschen.', 0) ON CONFLICT DO NOTHING;
INSERT INTO steps (section_id, text, position) VALUES (9, 'In der doppelten Menge Salzwasser nach Packungsangabe garen.', 1) ON CONFLICT DO NOTHING;
INSERT INTO recipe_ingredients (section_id, ingredient_id, text, amount, amount_prefix, unit, position) VALUES (9, 33, NULL, '300', NULL, 'g', 0);
INSERT INTO recipe_ingredients (section_id, ingredient_id, text, amount, amount_prefix, unit, position) VALUES (9, 17, NULL, '1', NULL, 'TL', 1);
INSERT INTO recipes (id, owner_id, name, source, time_display, work_minutes, overall_minutes, size_number, size_text, notes, main_image_id) OVERRIDING SYSTEM VALUE VALUES (8, 1, 'Guacamole', NULL, '15 min', 15, 15, 4, '{Portionen}', ARRAY['Den Kern in die fertige Guacamole legen — so bleibt sie länger grün.']::TEXT[], NULL) ON CONFLICT DO NOTHING;
INSERT INTO recipe_editors (recipe_id, user_id) VALUES (8, 3) ON CONFLICT DO NOTHING;
INSERT INTO recipe_tags (recipe_id, tag_id, position) VALUES (8, 'Vorspeise', 0) ON CONFLICT DO NOTHING;
INSERT INTO recipe_tags (recipe_id, tag_id, position) VALUES (8, 'Vegan', 1) ON CONFLICT DO NOTHING;
INSERT INTO recipe_tags (recipe_id, tag_id, position) VALUES (8, 'Mexikanisch', 2) ON CONFLICT DO NOTHING;
INSERT INTO recipe_tags (recipe_id, tag_id, position) VALUES (8, 'Schnell', 3) ON CONFLICT DO NOTHING;
INSERT INTO sections (id, recipe_id, name, position) OVERRIDING SYSTEM VALUE VALUES (10, 8, NULL, 0) ON CONFLICT DO NOTHING;
INSERT INTO steps (section_id, text, position) VALUES (10, 'Avocados halbieren, entkernen und das Fruchtfleisch in eine Schüssel geben.', 0) ON CONFLICT DO NOTHING;
INSERT INTO steps (section_id, text, position) VALUES (10, 'Mit dem Saft der Limette grob zerdrücken.', 1) ON CONFLICT DO NOTHING;
INSERT INTO steps (section_id, text, position) VALUES (10, 'Zwiebel, Tomate und Knoblauch fein würfeln und untermischen.', 2) ON CONFLICT DO NOTHING;
INSERT INTO steps (section_id, text, position) VALUES (10, 'Koriander unterheben und mit Salz abschmecken.', 3) ON CONFLICT DO NOTHING;
INSERT INTO recipe_ingredients (section_id, ingredient_id, text, amount, amount_prefix, unit, position) VALUES (10, 34, 'reif', '3', NULL, NULL, 0);
INSERT INTO recipe_ingredients (section_id, ingredient_id, text, amount, amount_prefix, unit, position) VALUES (10, 35, NULL, '1', NULL, NULL, 1);
INSERT INTO recipe_ingredients (section_id, ingredient_id, text, amount, amount_prefix, unit, position) VALUES (10, 22, 'klein', '1', NULL, NULL, 2);
INSERT INTO recipe_ingredients (section_id, ingredient_id, text, amount, amount_prefix, unit, position) VALUES (10, 20, NULL, '1', NULL, NULL, 3);
INSERT INTO recipe_ingredients (section_id, ingredient_id, text, amount, amount_prefix, unit, position) VALUES (10, 5, NULL, '1', NULL, NULL, 4);
INSERT INTO recipe_ingredients (section_id, ingredient_id, text, amount, amount_prefix, unit, position) VALUES (10, 36, 'frisch, gehackt', '2', NULL, 'EL', 5);
INSERT INTO recipe_ingredients (section_id, ingredient_id, text, amount, amount_prefix, unit, position) VALUES (10, 17, 'nach Geschmack', NULL, NULL, NULL, 6);
INSERT INTO recipes (id, owner_id, name, source, time_display, work_minutes, overall_minutes, size_number, size_text, notes, main_image_id) OVERRIDING SYSTEM VALUE VALUES (9, 3, 'American Pancakes', 'https://example.com/pancakes', '15 min', 15, 25, 12, '{Stück}', ARRAY['Der Teig gelingt am besten, wenn er vor dem Backen kurz ruht.']::TEXT[], NULL) ON CONFLICT DO NOTHING;
INSERT INTO recipe_viewers (recipe_id, user_id) VALUES (9, 1) ON CONFLICT DO NOTHING;
INSERT INTO recipe_tags (recipe_id, tag_id, position) VALUES (9, 'Frühstück', 0) ON CONFLICT DO NOTHING;
INSERT INTO recipe_tags (recipe_id, tag_id, position) VALUES (9, 'Backen', 1) ON CONFLICT DO NOTHING;
INSERT INTO recipe_tags (recipe_id, tag_id, position) VALUES (9, 'Schnell', 2) ON CONFLICT DO NOTHING;
INSERT INTO sections (id, recipe_id, name, position) OVERRIDING SYSTEM VALUE VALUES (11, 9, NULL, 0) ON CONFLICT DO NOTHING;
INSERT INTO steps (section_id, text, position) VALUES (11, 'Mehl, Zucker, Backpulver und Salz mischen.', 0) ON CONFLICT DO NOTHING;
INSERT INTO steps (section_id, text, position) VALUES (11, 'Eier, Milch und geschmolzene Butter zu einem glatten Teig verrühren.', 1) ON CONFLICT DO NOTHING;
INSERT INTO steps (section_id, text, position) VALUES (11, 'Teig 10 Minuten ruhen lassen.', 2) ON CONFLICT DO NOTHING;
INSERT INTO steps (section_id, text, position) VALUES (11, 'Portionsweise in einer Pfanne bei mittlerer Hitze goldbraun backen.', 3) ON CONFLICT DO NOTHING;
INSERT INTO steps (section_id, text, position) VALUES (11, 'Mit Ahornsirup servieren.', 4) ON CONFLICT DO NOTHING;
INSERT INTO recipe_ingredients (section_id, ingredient_id, text, amount, amount_prefix, unit, position) VALUES (11, 10, NULL, '250', NULL, 'g', 0);
INSERT INTO recipe_ingredients (section_id, ingredient_id, text, amount, amount_prefix, unit, position) VALUES (11, 11, NULL, '2', NULL, 'EL', 1);
INSERT INTO recipe_ingredients (section_id, ingredient_id, text, amount, amount_prefix, unit, position) VALUES (11, 15, NULL, '1', NULL, 'Päckchen', 2);
INSERT INTO recipe_ingredients (section_id, ingredient_id, text, amount, amount_prefix, unit, position) VALUES (11, 17, NULL, '1', NULL, 'Prise', 3);
INSERT INTO recipe_ingredients (section_id, ingredient_id, text, amount, amount_prefix, unit, position) VALUES (11, 13, NULL, '2', NULL, NULL, 4);
INSERT INTO recipe_ingredients (section_id, ingredient_id, text, amount, amount_prefix, unit, position) VALUES (11, 14, NULL, '300', NULL, 'ml', 5);
INSERT INTO recipe_ingredients (section_id, ingredient_id, text, amount, amount_prefix, unit, position) VALUES (11, 12, 'geschmolzen', '30', NULL, 'g', 6);
INSERT INTO recipe_ingredients (section_id, ingredient_id, text, amount, amount_prefix, unit, position) VALUES (11, 37, 'zum Servieren', NULL, NULL, NULL, 7);
INSERT INTO recipes (id, owner_id, name, source, time_display, work_minutes, overall_minutes, size_number, size_text, notes, main_image_id) OVERRIDING SYSTEM VALUE VALUES (10, 1, 'Caesar Salad', NULL, '25 min', 25, 25, 2, '{Portionen}', ARRAY[]::TEXT[], NULL) ON CONFLICT DO NOTHING;
INSERT INTO recipe_tags (recipe_id, tag_id, position) VALUES (10, 'Salat', 0) ON CONFLICT DO NOTHING;
INSERT INTO recipe_tags (recipe_id, tag_id, position) VALUES (10, 'Hauptgericht', 1) ON CONFLICT DO NOTHING;
INSERT INTO sections (id, recipe_id, name, position) OVERRIDING SYSTEM VALUE VALUES (12, 10, 'Salat', 0) ON CONFLICT DO NOTHING;
INSERT INTO steps (section_id, text, position) VALUES (12, 'Hähnchen salzen und in der Pfanne goldbraun braten, dann in Streifen schneiden.', 0) ON CONFLICT DO NOTHING;
INSERT INTO steps (section_id, text, position) VALUES (12, 'Salat waschen und in mundgerechte Stücke zupfen.', 1) ON CONFLICT DO NOTHING;
INSERT INTO steps (section_id, text, position) VALUES (12, 'Mit Croutons, Hähnchen und gehobeltem Parmesan anrichten.', 2) ON CONFLICT DO NOTHING;
INSERT INTO recipe_ingredients (section_id, ingredient_id, text, amount, amount_prefix, unit, position) VALUES (12, 38, NULL, '1', NULL, NULL, 0);
INSERT INTO recipe_ingredients (section_id, ingredient_id, text, amount, amount_prefix, unit, position) VALUES (12, 31, NULL, '300', NULL, 'g', 1);
INSERT INTO recipe_ingredients (section_id, ingredient_id, text, amount, amount_prefix, unit, position) VALUES (12, 39, NULL, '50', NULL, 'g', 2);
INSERT INTO recipe_ingredients (section_id, ingredient_id, text, amount, amount_prefix, unit, position) VALUES (12, 8, 'gehobelt', '30', NULL, 'g', 3);
INSERT INTO sections (id, recipe_id, name, position) OVERRIDING SYSTEM VALUE VALUES (13, 10, 'Dressing', 1) ON CONFLICT DO NOTHING;
INSERT INTO steps (section_id, text, position) VALUES (13, 'Knoblauch fein reiben.', 0) ON CONFLICT DO NOTHING;
INSERT INTO steps (section_id, text, position) VALUES (13, 'Alle Zutaten zu einem cremigen Dressing verrühren.', 1) ON CONFLICT DO NOTHING;
INSERT INTO steps (section_id, text, position) VALUES (13, 'Vor dem Servieren über den Salat geben und vermengen.', 2) ON CONFLICT DO NOTHING;
INSERT INTO recipe_ingredients (section_id, ingredient_id, text, amount, amount_prefix, unit, position) VALUES (13, 40, NULL, '3', NULL, 'EL', 0);
INSERT INTO recipe_ingredients (section_id, ingredient_id, text, amount, amount_prefix, unit, position) VALUES (13, 5, NULL, '1', NULL, NULL, 1);
INSERT INTO recipe_ingredients (section_id, ingredient_id, text, amount, amount_prefix, unit, position) VALUES (13, 41, 'Saft einer halben Zitrone', NULL, NULL, NULL, 2);
INSERT INTO recipe_ingredients (section_id, ingredient_id, text, amount, amount_prefix, unit, position) VALUES (13, 42, NULL, '1', NULL, 'TL', 3);
INSERT INTO recipe_ingredients (section_id, ingredient_id, text, amount, amount_prefix, unit, position) VALUES (13, 8, 'gerieben', '20', NULL, 'g', 4);
INSERT INTO recipe_ingredients (section_id, ingredient_id, text, amount, amount_prefix, unit, position) VALUES (13, 6, NULL, '2', NULL, 'EL', 5);
INSERT INTO recipes (id, owner_id, name, source, time_display, work_minutes, overall_minutes, size_number, size_text, notes, main_image_id) OVERRIDING SYSTEM VALUE VALUES (11, 2, 'Rindergulasch', 'Familienrezept', '30 min + {Kochzeit} 120 min', 30, 150, 6, '{Portionen}', ARRAY['Je länger das Gulasch schmort, desto zarter wird das Fleisch.','Schmeckt aufgewärmt am nächsten Tag noch besser.']::TEXT[], NULL) ON CONFLICT DO NOTHING;
INSERT INTO recipe_editors (recipe_id, user_id) VALUES (11, 1) ON CONFLICT DO NOTHING;
INSERT INTO recipe_tags (recipe_id, tag_id, position) VALUES (11, 'Hauptgericht', 0) ON CONFLICT DO NOTHING;
INSERT INTO sections (id, recipe_id, name, position) OVERRIDING SYSTEM VALUE VALUES (14, 11, NULL, 0) ON CONFLICT DO NOTHING;
INSERT INTO steps (section_id, text, position) VALUES (14, 'Fleisch trocken tupfen und in Würfel schneiden.', 0) ON CONFLICT DO NOTHING;
INSERT INTO steps (section_id, text, position) VALUES (14, 'Im heißen Öl portionsweise scharf anbraten, dann herausnehmen.', 1) ON CONFLICT DO NOTHING;
INSERT INTO steps (section_id, text, position) VALUES (14, 'Zwiebeln und Knoblauch im Bratfett goldbraun anschwitzen.', 2) ON CONFLICT DO NOTHING;
INSERT INTO steps (section_id, text, position) VALUES (14, 'Tomatenmark und Paprikapulver kurz mitrösten.', 3) ON CONFLICT DO NOTHING;
INSERT INTO steps (section_id, text, position) VALUES (14, 'Fleisch zurückgeben und mit Rinderbrühe ablöschen.', 4) ON CONFLICT DO NOTHING;
INSERT INTO steps (section_id, text, position) VALUES (14, 'Zugedeckt ca. 2 Stunden schmoren, Paprika in der letzten halben Stunde zugeben.', 5) ON CONFLICT DO NOTHING;
INSERT INTO steps (section_id, text, position) VALUES (14, 'Mit Salz abschmecken.', 6) ON CONFLICT DO NOTHING;
INSERT INTO recipe_ingredients (section_id, ingredient_id, text, amount, amount_prefix, unit, position) VALUES (14, 43, NULL, '1', NULL, 'kg', 0);
INSERT INTO recipe_ingredients (section_id, ingredient_id, text, amount, amount_prefix, unit, position) VALUES (14, 4, NULL, '4', NULL, NULL, 1);
INSERT INTO recipe_ingredients (section_id, ingredient_id, text, amount, amount_prefix, unit, position) VALUES (14, 5, NULL, '2', NULL, NULL, 2);
INSERT INTO recipe_ingredients (section_id, ingredient_id, text, amount, amount_prefix, unit, position) VALUES (14, 19, NULL, '2', NULL, NULL, 3);
INSERT INTO recipe_ingredients (section_id, ingredient_id, text, amount, amount_prefix, unit, position) VALUES (14, 44, NULL, '2', NULL, 'EL', 4);
INSERT INTO recipe_ingredients (section_id, ingredient_id, text, amount, amount_prefix, unit, position) VALUES (14, 7, NULL, '2', NULL, 'EL', 5);
INSERT INTO recipe_ingredients (section_id, ingredient_id, text, amount, amount_prefix, unit, position) VALUES (14, 45, NULL, '500', NULL, 'ml', 6);
INSERT INTO recipe_ingredients (section_id, ingredient_id, text, amount, amount_prefix, unit, position) VALUES (14, 6, NULL, '3', NULL, 'EL', 7);
INSERT INTO recipe_ingredients (section_id, ingredient_id, text, amount, amount_prefix, unit, position) VALUES (14, 17, 'nach Geschmack', NULL, NULL, NULL, 8);
INSERT INTO recipes (id, owner_id, name, source, time_display, work_minutes, overall_minutes, size_number, size_text, notes, main_image_id) OVERRIDING SYSTEM VALUE VALUES (12, 1, 'Cremige Tomatensuppe', NULL, '10 min + {Kochzeit} 20 min', 10, 30, 4, '{Portionen}', ARRAY['Mit frischem Basilikum und einem Schuss Olivenöl servieren.']::TEXT[], NULL) ON CONFLICT DO NOTHING;
INSERT INTO recipe_tags (recipe_id, tag_id, position) VALUES (12, 'Suppe', 0) ON CONFLICT DO NOTHING;
INSERT INTO recipe_tags (recipe_id, tag_id, position) VALUES (12, 'Vegetarisch', 1) ON CONFLICT DO NOTHING;
INSERT INTO recipe_tags (recipe_id, tag_id, position) VALUES (12, 'Schnell', 2) ON CONFLICT DO NOTHING;
INSERT INTO sections (id, recipe_id, name, position) OVERRIDING SYSTEM VALUE VALUES (15, 12, NULL, 0) ON CONFLICT DO NOTHING;
INSERT INTO steps (section_id, text, position) VALUES (15, 'Zwiebel und Knoblauch fein würfeln und in Olivenöl glasig dünsten.', 0) ON CONFLICT DO NOTHING;
INSERT INTO steps (section_id, text, position) VALUES (15, 'Tomatenmark kurz mitrösten.', 1) ON CONFLICT DO NOTHING;
INSERT INTO steps (section_id, text, position) VALUES (15, 'Tomaten und Gemüsebrühe zugeben und 20 Minuten köcheln lassen.', 2) ON CONFLICT DO NOTHING;
INSERT INTO steps (section_id, text, position) VALUES (15, 'Suppe fein pürieren.', 3) ON CONFLICT DO NOTHING;
INSERT INTO steps (section_id, text, position) VALUES (15, 'Sahne unterrühren und mit Zucker, Salz und Basilikum abschmecken.', 4) ON CONFLICT DO NOTHING;
INSERT INTO recipe_ingredients (section_id, ingredient_id, text, amount, amount_prefix, unit, position) VALUES (15, 3, NULL, '800', NULL, 'g', 0);
INSERT INTO recipe_ingredients (section_id, ingredient_id, text, amount, amount_prefix, unit, position) VALUES (15, 4, NULL, '1', NULL, NULL, 1);
INSERT INTO recipe_ingredients (section_id, ingredient_id, text, amount, amount_prefix, unit, position) VALUES (15, 5, NULL, '2', NULL, NULL, 2);
INSERT INTO recipe_ingredients (section_id, ingredient_id, text, amount, amount_prefix, unit, position) VALUES (15, 28, NULL, '400', NULL, 'ml', 3);
INSERT INTO recipe_ingredients (section_id, ingredient_id, text, amount, amount_prefix, unit, position) VALUES (15, 46, NULL, '100', NULL, 'ml', 4);
INSERT INTO recipe_ingredients (section_id, ingredient_id, text, amount, amount_prefix, unit, position) VALUES (15, 7, NULL, '1', NULL, 'EL', 5);
INSERT INTO recipe_ingredients (section_id, ingredient_id, text, amount, amount_prefix, unit, position) VALUES (15, 6, NULL, '2', NULL, 'EL', 6);
INSERT INTO recipe_ingredients (section_id, ingredient_id, text, amount, amount_prefix, unit, position) VALUES (15, 11, NULL, '1', NULL, 'Prise', 7);
INSERT INTO recipe_ingredients (section_id, ingredient_id, text, amount, amount_prefix, unit, position) VALUES (15, 9, 'frisch', NULL, NULL, NULL, 8);
INSERT INTO recipe_ingredients (section_id, ingredient_id, text, amount, amount_prefix, unit, position) VALUES (15, 17, 'nach Geschmack', NULL, NULL, NULL, 9);
INSERT INTO recipes (id, owner_id, name, source, time_display, work_minutes, overall_minutes, size_number, size_text, notes, main_image_id) OVERRIDING SYSTEM VALUE VALUES (13, 1, 'Gedeckter Apfelkuchen', 'https://example.com/apfelkuchen', '40 min + {Backzeit} 50 min', 40, 90, NULL, '26 cm {Springform}', ARRAY['Vor dem Anschneiden vollständig auskühlen lassen.']::TEXT[], NULL) ON CONFLICT DO NOTHING;
INSERT INTO recipe_viewers (recipe_id, user_id) VALUES (13, 2) ON CONFLICT DO NOTHING;
INSERT INTO recipe_viewers (recipe_id, user_id) VALUES (13, 3) ON CONFLICT DO NOTHING;
INSERT INTO recipe_tags (recipe_id, tag_id, position) VALUES (13, 'Backen', 0) ON CONFLICT DO NOTHING;
INSERT INTO recipe_tags (recipe_id, tag_id, position) VALUES (13, 'Dessert', 1) ON CONFLICT DO NOTHING;
INSERT INTO sections (id, recipe_id, name, position) OVERRIDING SYSTEM VALUE VALUES (16, 13, 'Mürbeteig', 0) ON CONFLICT DO NOTHING;
INSERT INTO steps (section_id, text, position) VALUES (16, 'Mehl, Zucker und Salz mischen.', 0) ON CONFLICT DO NOTHING;
INSERT INTO steps (section_id, text, position) VALUES (16, 'Kalte Butter in Stücken und das Ei zugeben.', 1) ON CONFLICT DO NOTHING;
INSERT INTO steps (section_id, text, position) VALUES (16, 'Zügig zu einem glatten Teig verkneten.', 2) ON CONFLICT DO NOTHING;
INSERT INTO steps (section_id, text, position) VALUES (16, 'In Folie gewickelt 30 Minuten kalt stellen.', 3) ON CONFLICT DO NOTHING;
INSERT INTO recipe_ingredients (section_id, ingredient_id, text, amount, amount_prefix, unit, position) VALUES (16, 10, NULL, '300', NULL, 'g', 0);
INSERT INTO recipe_ingredients (section_id, ingredient_id, text, amount, amount_prefix, unit, position) VALUES (16, 12, 'kalt', '150', NULL, 'g', 1);
INSERT INTO recipe_ingredients (section_id, ingredient_id, text, amount, amount_prefix, unit, position) VALUES (16, 11, NULL, '120', NULL, 'g', 2);
INSERT INTO recipe_ingredients (section_id, ingredient_id, text, amount, amount_prefix, unit, position) VALUES (16, 13, NULL, '1', NULL, NULL, 3);
INSERT INTO recipe_ingredients (section_id, ingredient_id, text, amount, amount_prefix, unit, position) VALUES (16, 17, NULL, '1', NULL, 'Prise', 4);
INSERT INTO sections (id, recipe_id, name, position) OVERRIDING SYSTEM VALUE VALUES (17, 13, 'Füllung', 1) ON CONFLICT DO NOTHING;
INSERT INTO steps (section_id, text, position) VALUES (17, 'Äpfel schälen, entkernen und in Spalten schneiden.', 0) ON CONFLICT DO NOTHING;
INSERT INTO steps (section_id, text, position) VALUES (17, 'Mit Zucker, Zimt und Zitronensaft mischen.', 1) ON CONFLICT DO NOTHING;
INSERT INTO steps (section_id, text, position) VALUES (17, 'Zwei Drittel des Teigs in die Form drücken und einen Rand hochziehen.', 2) ON CONFLICT DO NOTHING;
INSERT INTO steps (section_id, text, position) VALUES (17, 'Apfelfüllung einfüllen.', 3) ON CONFLICT DO NOTHING;
INSERT INTO steps (section_id, text, position) VALUES (17, 'Restlichen Teig ausrollen, als Deckel auflegen und andrücken.', 4) ON CONFLICT DO NOTHING;
INSERT INTO steps (section_id, text, position) VALUES (17, 'Bei 180 °C ca. 50 Minuten goldbraun backen.', 5) ON CONFLICT DO NOTHING;
INSERT INTO recipe_ingredients (section_id, ingredient_id, text, amount, amount_prefix, unit, position) VALUES (17, 47, NULL, '1', NULL, 'kg', 0);
INSERT INTO recipe_ingredients (section_id, ingredient_id, text, amount, amount_prefix, unit, position) VALUES (17, 11, NULL, '2', NULL, 'EL', 1);
INSERT INTO recipe_ingredients (section_id, ingredient_id, text, amount, amount_prefix, unit, position) VALUES (17, 48, NULL, '1', NULL, 'TL', 2);
INSERT INTO recipe_ingredients (section_id, ingredient_id, text, amount, amount_prefix, unit, position) VALUES (17, 41, 'Saft einer halben Zitrone', NULL, NULL, NULL, 3);
INSERT INTO recipes (id, owner_id, name, source, time_display, work_minutes, overall_minutes, size_number, size_text, notes, main_image_id) OVERRIDING SYSTEM VALUE VALUES (14, 3, 'Asiatische Gemüsepfanne mit Reis', NULL, '20 min', 20, 20, 3, '{Portionen}', ARRAY['Das Gemüse soll knackig bleiben — nur kurz und heiß braten.']::TEXT[], NULL) ON CONFLICT DO NOTHING;
INSERT INTO recipe_editors (recipe_id, user_id) VALUES (14, 2) ON CONFLICT DO NOTHING;
INSERT INTO recipe_viewers (recipe_id, user_id) VALUES (14, 1) ON CONFLICT DO NOTHING;
INSERT INTO recipe_tags (recipe_id, tag_id, position) VALUES (14, 'Vegan', 0) ON CONFLICT DO NOTHING;
INSERT INTO recipe_tags (recipe_id, tag_id, position) VALUES (14, 'Asiatisch', 1) ON CONFLICT DO NOTHING;
INSERT INTO recipe_tags (recipe_id, tag_id, position) VALUES (14, 'Schnell', 2) ON CONFLICT DO NOTHING;
INSERT INTO sections (id, recipe_id, name, position) OVERRIDING SYSTEM VALUE VALUES (18, 14, NULL, 0) ON CONFLICT DO NOTHING;
INSERT INTO steps (section_id, text, position) VALUES (18, 'Reis nach Packungsangabe garen.', 0) ON CONFLICT DO NOTHING;
INSERT INTO steps (section_id, text, position) VALUES (18, 'Brokkoli in Röschen teilen, Karotte und Paprika in Streifen schneiden.', 1) ON CONFLICT DO NOTHING;
INSERT INTO steps (section_id, text, position) VALUES (18, 'Knoblauch und Ingwer fein hacken, Frühlingszwiebeln in Ringe schneiden.', 2) ON CONFLICT DO NOTHING;
INSERT INTO steps (section_id, text, position) VALUES (18, 'Gemüse in heißem Sesamöl 5–6 Minuten knackig braten.', 3) ON CONFLICT DO NOTHING;
INSERT INTO steps (section_id, text, position) VALUES (18, 'Knoblauch und Ingwer zugeben und kurz mitbraten.', 4) ON CONFLICT DO NOTHING;
INSERT INTO steps (section_id, text, position) VALUES (18, 'Mit Sojasauce ablöschen und mit dem Reis servieren.', 5) ON CONFLICT DO NOTHING;
INSERT INTO recipe_ingredients (section_id, ingredient_id, text, amount, amount_prefix, unit, position) VALUES (18, 33, NULL, '250', NULL, 'g', 0);
INSERT INTO recipe_ingredients (section_id, ingredient_id, text, amount, amount_prefix, unit, position) VALUES (18, 49, 'klein', '1', NULL, NULL, 1);
INSERT INTO recipe_ingredients (section_id, ingredient_id, text, amount, amount_prefix, unit, position) VALUES (18, 27, NULL, '2', NULL, NULL, 2);
INSERT INTO recipe_ingredients (section_id, ingredient_id, text, amount, amount_prefix, unit, position) VALUES (18, 19, NULL, '1', NULL, NULL, 3);
INSERT INTO recipe_ingredients (section_id, ingredient_id, text, amount, amount_prefix, unit, position) VALUES (18, 52, NULL, '3', NULL, NULL, 4);
INSERT INTO recipe_ingredients (section_id, ingredient_id, text, amount, amount_prefix, unit, position) VALUES (18, 5, NULL, '2', NULL, NULL, 5);
INSERT INTO recipe_ingredients (section_id, ingredient_id, text, amount, amount_prefix, unit, position) VALUES (18, 30, 'geschält', '20', NULL, 'g', 6);
INSERT INTO recipe_ingredients (section_id, ingredient_id, text, amount, amount_prefix, unit, position) VALUES (18, 50, NULL, '4', NULL, 'EL', 7);
INSERT INTO recipe_ingredients (section_id, ingredient_id, text, amount, amount_prefix, unit, position) VALUES (18, 51, NULL, '2', NULL, 'EL', 8);
SELECT setval(pg_get_serial_sequence('recipes', 'id'), (SELECT MAX(id) FROM recipes) + 1);
SELECT setval(pg_get_serial_sequence('sections', 'id'), (SELECT MAX(id) FROM sections) + 1);
SELECT setval(pg_get_serial_sequence('users', 'id'), (SELECT MAX(id) FROM users) + 1);
